rgn_id,value
1,0.478220431314414
2,0.475250220249097
6,0.690231532543976
