"rgn_id","pressure_score"
1,0.916313517
2,0.922301728
6,0.890841161
