"rgn_id","pressure_score"
1,0.516617923
2,0.652036746
6,0.25712503
