"rgn_id","pressures.score"
1,0.060790274
2,0.060790274
6,0.060790274
