rgn_id,trend.score
1,0.435319245932905
2,0.570516135366316
6,-0.16094707095949
