"rgn_id","score"
1,0.384305263
2,0.384305263
6,0.384305263
