rgn_id,trend
1,0.448674398611417
2,0.99782894845958
6,0.802610692338288
