rgn_id,trend.score
1,0.658015794682208
2,0.658015794682208
6,0.658015794682208
