rgn_id,trend
1,0.999588820284255
2,0.999686770888882
6,0.999292629319626
