rgn_id,habitat,trend
1,soft_bottom,-0.894531456228922
2,soft_bottom,-0.89453145615211
6,soft_bottom,-0.894531456192276
1,mangrove,-0.949332583844252
2,mangrove,-0.950373112483085
6,mangrove,
