rgn_id,pressures.score
1,0.688165374
2,0.669553788
6,0.763752591
