"rgn_id","pressure_score"
1,1
2,0.96432553
6,0.961644286
