rgn_id,trend.score
1,0.729996031535455
2,0.729996031535455
6,0.729996031535455
