"rgn_id","w_fis"
1,0.898390513
2,0.898390513
6,1
