"rgn_id","score"
1,0.471631206
2,0.471631206
6,0.471631206
