rgn_id, pressure_score
1, 0.136962958
2, 0.485350062
6, 0.284174652
