"rgn_id","pressure_score"
1,0.093907223
2,0.087726759
6,0.159562391
