"rgn_id","pressure_score"
1,0.089855003
2,0.091097349
6,0.106494707
