"rgn_id","pressure_score"
1,0.444044285
2,0.909090909
6,0.536870769
