"rgn_id","score"
1,0.965055826879481
2,0.965055826879481
6,0.965055826879481
