"rgn_id","score"
1,-0.194200025805751
2,-0.194200025805751
6,-0.194200025805751
